id,name,email,gender,status
8430405,Nydia Schamberger,bryan.heaney@yahoo.com,female,active
8430330,Buford Ledner,natacha.padberg@gmail.com,female,active
8430243,Trilok Jha,trilok_jha@okon.test,female,active
8430242,Aditya Arora,aditya_arora@schmidt.test,male,active
8430241,Mrs. Trilok Gowda,trilok_gowda_mrs@west.test,female,active
8430240,Chetan Joshi JD,chetan_joshi_jd@mills.test,male,inactive
8430239,Aadidev Khatri LLD,khatri_lld_aadidev@waters-howell.example,female,active
8430238,Sudeva Sethi,sethi_sudeva@parisian.test,male,active
8430237,Malati Bharadwaj,malati_bharadwaj@olson-lakin.test,female,active
8430236,Amogh Jha DO,do_jha_amogh@will-murray.example,female,inactive
